symbol,category,horizon,model,ml_return,bh_return,ml_sharpe,bh_sharpe,return_diff,sharpe_diff,beats_bh_return,beats_bh_sharpe
NVDA,growth,5,Logistic Regression,0.0,0.36619422671863733,0.0,0.8889737807530426,-0.36619422671863733,-0.8889737807530426,False,False
NVDA,growth,5,Decision Tree,0.38459190485342654,0.36619422671863733,0.984408860239758,0.8889737807530426,0.018397678134789208,0.09543507948671548,True,True
NVDA,growth,5,Random Forest,0.4040924367680605,0.36619422671863733,1.5307878192590196,0.8889737807530426,0.037898210049423176,0.6418140385059771,True,True
NVDA,growth,5,XGBoost,0.2913048464082062,0.36619422671863733,1.0945395983816582,0.8889737807530426,-0.07488938031043113,0.2055658176286156,False,True
NVDA,growth,10,Logistic Regression,0.0,0.36619422671863733,0.0,0.8889737807530426,-0.36619422671863733,-0.8889737807530426,False,False
NVDA,growth,10,Decision Tree,0.2244731692914128,0.36619422671863733,1.166447391743172,0.8889737807530426,-0.14172105742722452,0.27747361099012935,False,True
NVDA,growth,10,Random Forest,0.081860030154844,0.36619422671863733,0.7725479026697969,0.8889737807530426,-0.28433419656379333,-0.11642587808324567,False,False
NVDA,growth,10,XGBoost,0.0769931247753648,0.36619422671863733,0.5945282726522978,0.8889737807530426,-0.28920110194327253,-0.29444550810074477,False,False
TSLA,growth,5,Logistic Regression,0.07681114271631473,0.07884119384457144,0.41114460517248874,0.438532152133163,-0.0020300511282567157,-0.027387546960674247,False,False
TSLA,growth,5,Decision Tree,-0.05462097425153789,0.07884119384457144,-0.00039679988438390674,0.438532152133163,-0.13346216809610933,-0.4389289520175469,False,False
TSLA,growth,5,Random Forest,-0.057675294633171115,0.07884119384457144,-0.18156047945084133,0.438532152133163,-0.13651648847774256,-0.6200926315840043,False,False
TSLA,growth,5,XGBoost,-0.1523501061063156,0.07884119384457144,-0.2140428925229583,0.438532152133163,-0.23119129995088705,-0.6525750446561213,False,False
TSLA,growth,10,Logistic Regression,0.14264011912305508,0.07884119384457144,0.5389323055633414,0.438532152133163,0.06379892527848363,0.10040015343017838,True,True
TSLA,growth,10,Decision Tree,-0.03779478440143624,0.07884119384457144,-0.25167181176101244,0.438532152133163,-0.11663597824600769,-0.6902039638941755,False,False
TSLA,growth,10,Random Forest,0.26434682426854894,0.07884119384457144,0.8876283520931472,0.438532152133163,0.1855056304239775,0.4490961999599842,True,True
TSLA,growth,10,XGBoost,0.6871856470166198,0.07884119384457144,1.4201204957723996,0.438532152133163,0.6083444531720483,0.9815883436392366,True,True
GOOGL,growth,5,Logistic Regression,0.0,0.6343522285222323,0.0,1.7085798432253254,-0.6343522285222323,-1.7085798432253254,False,False
GOOGL,growth,5,Decision Tree,0.4787534865296703,0.6343522285222323,1.9629177316351925,1.7085798432253254,-0.15559874199256196,0.25433788840986704,False,True
GOOGL,growth,5,Random Forest,0.0,0.6343522285222323,0.0,1.7085798432253254,-0.6343522285222323,-1.7085798432253254,False,False
GOOGL,growth,5,XGBoost,0.003619870565372718,0.6343522285222323,0.17835076597897165,1.7085798432253254,-0.6307323579568596,-1.5302290772463538,False,False
GOOGL,growth,10,Logistic Regression,0.0,0.6343522285222323,0.0,1.7085798432253254,-0.6343522285222323,-1.7085798432253254,False,False
GOOGL,growth,10,Decision Tree,0.025457512661081427,0.6343522285222323,0.2258744934647865,1.7085798432253254,-0.6088947158611508,-1.482705349760539,False,False
GOOGL,growth,10,Random Forest,0.0,0.6343522285222323,0.0,1.7085798432253254,-0.6343522285222323,-1.7085798432253254,False,False
GOOGL,growth,10,XGBoost,-0.01580618963204672,0.6343522285222323,-0.21387269831335703,1.7085798432253254,-0.650158418154279,-1.9224525415386824,False,False
META,growth,5,Logistic Regression,0.3125192774040084,-0.03985856907502139,1.36502479371316,0.07442470046649427,0.3523778464790298,1.290600093246666,True,True
META,growth,5,Decision Tree,-0.03887487012023383,-0.03985856907502139,0.07751808928692737,0.07442470046649427,0.0009836989547875596,0.003093388820433099,True,True
META,growth,5,Random Forest,0.10400131901641751,-0.03985856907502139,0.5176000260184617,0.07442470046649427,0.1438598880914389,0.44317532555196737,True,True
META,growth,5,XGBoost,-0.13486641843687908,-0.03985856907502139,-0.3034504682109406,0.07442470046649427,-0.09500784936185769,-0.37787516867743487,False,False
META,growth,10,Logistic Regression,0.12669677160315218,-0.03985856907502139,0.8460947185861076,0.07442470046649427,0.16655534067817357,0.7716700181196133,True,True
META,growth,10,Decision Tree,-0.03887487012023383,-0.03985856907502139,0.07751808928692737,0.07442470046649427,0.0009836989547875596,0.003093388820433099,True,True
META,growth,10,Random Forest,-0.03887487012023383,-0.03985856907502139,0.07751808928692737,0.07442470046649427,0.0009836989547875596,0.003093388820433099,True,True
META,growth,10,XGBoost,-0.005212484146217999,-0.03985856907502139,0.18070867572618837,0.07442470046649427,0.03464608492880339,0.1062839752596941,True,True
AMZN,growth,5,Logistic Regression,0.0,0.008163525738960953,0.0,0.19529127521348894,-0.008163525738960953,-0.19529127521348894,False,False
AMZN,growth,5,Decision Tree,-0.16927980070237048,0.008163525738960953,-1.252180511266436,0.19529127521348894,-0.17744332644133143,-1.447471786479925,False,False
AMZN,growth,5,Random Forest,0.0,0.008163525738960953,0.0,0.19529127521348894,-0.008163525738960953,-0.19529127521348894,False,False
AMZN,growth,5,XGBoost,0.10086257729214743,0.008163525738960953,0.7464353295543942,0.19529127521348894,0.09269905155318647,0.5511440543409052,True,True
AMZN,growth,10,Logistic Regression,0.0,0.008163525738960953,0.0,0.19529127521348894,-0.008163525738960953,-0.19529127521348894,False,False
AMZN,growth,10,Decision Tree,-0.015612826067878727,0.008163525738960953,-0.1548290086672998,0.19529127521348894,-0.02377635180683968,-0.35012028388078875,False,False
AMZN,growth,10,Random Forest,0.0,0.008163525738960953,0.0,0.19529127521348894,-0.008163525738960953,-0.19529127521348894,False,False
AMZN,growth,10,XGBoost,-0.011707976048291657,0.008163525738960953,-0.2331287106587652,0.19529127521348894,-0.01987150178725261,-0.42841998587225416,False,False
JPM,value,5,Logistic Regression,0.0,0.3877828619814363,0.0,1.4581400039111627,-0.3877828619814363,-1.4581400039111627,False,False
JPM,value,5,Decision Tree,0.0,0.3877828619814363,0.0,1.4581400039111627,-0.3877828619814363,-1.4581400039111627,False,False
JPM,value,5,Random Forest,0.0,0.3877828619814363,0.0,1.4581400039111627,-0.3877828619814363,-1.4581400039111627,False,False
JPM,value,5,XGBoost,0.04530483346593783,0.3877828619814363,0.36850719742870236,1.4581400039111627,-0.34247802851549847,-1.0896328064824603,False,False
JPM,value,10,Logistic Regression,0.0,0.3877828619814363,0.0,1.4581400039111627,-0.3877828619814363,-1.4581400039111627,False,False
JPM,value,10,Decision Tree,0.09800831617170846,0.3877828619814363,0.7081974353122568,1.4581400039111627,-0.28977454580972783,-0.749942568598906,False,False
JPM,value,10,Random Forest,0.0,0.3877828619814363,0.0,1.4581400039111627,-0.3877828619814363,-1.4581400039111627,False,False
JPM,value,10,XGBoost,0.12340393361262536,0.3877828619814363,0.9981614938750903,1.4581400039111627,-0.26437892836881094,-0.4599785100360724,False,False
BAC,value,5,Logistic Regression,0.1642420573791108,0.27067855042050293,1.80206713854911,1.0473747260607023,-0.10643649304139213,0.7546924124884078,False,True
BAC,value,5,Decision Tree,-0.1085437456338989,0.27067855042050293,-0.9140380163317618,1.0473747260607023,-0.37922229605440183,-1.961412742392464,False,False
BAC,value,5,Random Forest,0.16706709667323638,0.27067855042050293,1.6160791374131669,1.0473747260607023,-0.10361145374726655,0.5687044113524646,False,True
BAC,value,5,XGBoost,-0.018168671019148208,0.27067855042050293,-0.007832592201889763,1.0473747260607023,-0.28884722143965114,-1.055207318262592,False,False
BAC,value,10,Logistic Regression,0.12222142074445141,0.27067855042050293,1.2435635045481768,1.0473747260607023,-0.1484571296760515,0.1961887784874745,False,True
BAC,value,10,Decision Tree,0.19123419341849068,0.27067855042050293,1.1109304413239447,1.0473747260607023,-0.07944435700201224,0.06355571526324244,False,True
BAC,value,10,Random Forest,0.02305386607142834,0.27067855042050293,1.5081890760510501,1.0473747260607023,-0.2476246843490746,0.46081434999034787,False,True
BAC,value,10,XGBoost,0.12401093964451437,0.27067855042050293,1.129125296613594,1.0473747260607023,-0.14666761077598856,0.08175057055289181,False,True
WFC,value,5,Logistic Regression,0.10745960781689745,0.34972689700274096,1.8326966418896335,1.1935208134187887,-0.2422672891858435,0.6391758284708449,False,True
WFC,value,5,Decision Tree,0.10997911306249275,0.34972689700274096,0.9967796537971355,1.1935208134187887,-0.2397477839402482,-0.19674115962165317,False,False
WFC,value,5,Random Forest,0.0,0.34972689700274096,0.0,1.1935208134187887,-0.34972689700274096,-1.1935208134187887,False,False
WFC,value,5,XGBoost,0.11822977741995122,0.34972689700274096,1.4716356010856795,1.1935208134187887,-0.23149711958278973,0.2781147876668908,False,True
WFC,value,10,Logistic Regression,0.0,0.34972689700274096,0.0,1.1935208134187887,-0.34972689700274096,-1.1935208134187887,False,False
WFC,value,10,Decision Tree,-0.012610100948571623,0.34972689700274096,-0.13098599893245147,1.1935208134187887,-0.3623369979513126,-1.3245068123512402,False,False
WFC,value,10,Random Forest,0.0,0.34972689700274096,0.0,1.1935208134187887,-0.34972689700274096,-1.1935208134187887,False,False
WFC,value,10,XGBoost,0.12890008481487958,0.34972689700274096,1.5634369233924448,1.1935208134187887,-0.22082681218786138,0.3699161099736561,False,True
XOM,value,5,Logistic Regression,0.14304526777366933,0.10544281475763517,0.7214403578676051,0.5550602487307201,0.037602453016034154,0.16638010913688495,True,True
XOM,value,5,Decision Tree,0.22715219956355215,0.10544281475763517,1.1089587413324546,0.5550602487307201,0.12170938480591698,0.5538984926017345,True,True
XOM,value,5,Random Forest,0.3104725617679387,0.10544281475763517,1.7903828344588957,0.5550602487307201,0.20502974701030352,1.2353225857281755,True,True
XOM,value,5,XGBoost,0.25045145852395745,0.10544281475763517,1.3992632134037433,0.5550602487307201,0.14500864376632228,0.8442029646730231,True,True
XOM,value,10,Logistic Regression,0.12372612155919338,0.10544281475763517,0.6336714959558374,0.5550602487307201,0.018283306801558208,0.07861124722511725,True,True
XOM,value,10,Decision Tree,0.23724831652671252,0.10544281475763517,1.7788671877967677,0.5550602487307201,0.13180550176907735,1.2238069390660475,True,True
XOM,value,10,Random Forest,0.2258352961158563,0.10544281475763517,1.6406328589479608,0.5550602487307201,0.12039248135822112,1.0855726102172407,True,True
XOM,value,10,XGBoost,0.1367184240983006,0.10544281475763517,0.9327488206312482,0.5550602487307201,0.03127560934066542,0.37768857190052807,True,True
CVX,value,5,Logistic Regression,-0.016905624252598228,0.03863888425035733,0.021587900983435868,0.2814685960344989,-0.05554450850295556,-0.25988069505106304,False,False
CVX,value,5,Decision Tree,-0.1874169603728676,0.03863888425035733,-0.8936309629490613,0.2814685960344989,-0.22605584462322492,-1.1750995589835602,False,False
CVX,value,5,Random Forest,0.021460444791916,0.03863888425035733,0.21020476879244657,0.2814685960344989,-0.01717843945844133,-0.07126382724205235,False,False
CVX,value,5,XGBoost,0.1590938823507566,0.03863888425035733,0.8314657891819316,0.2814685960344989,0.12045499810039928,0.5499971931474327,True,True
CVX,value,10,Logistic Regression,-0.10906590462582522,0.03863888425035733,-0.4259179962830814,0.2814685960344989,-0.14770478887618255,-0.7073865923175804,False,False
CVX,value,10,Decision Tree,0.136157775463976,0.03863888425035733,0.7127096156622091,0.2814685960344989,0.09751889121361867,0.4312410196277102,True,True
CVX,value,10,Random Forest,0.0822856583988647,0.03863888425035733,0.46843699752069906,0.2814685960344989,0.04364677414850737,0.18696840148620014,True,True
CVX,value,10,XGBoost,-0.006528193282986705,0.03863888425035733,0.08497006470403269,0.2814685960344989,-0.045167077533344036,-0.19649853133046624,False,False
MSFT,momentum,5,Logistic Regression,0.0,0.08448933187952923,0.0,0.45839349507882254,-0.08448933187952923,-0.45839349507882254,False,False
MSFT,momentum,5,Decision Tree,0.01595833601609642,0.08448933187952923,0.4454183172197228,0.45839349507882254,-0.06853099586343281,-0.01297517785909974,False,False
MSFT,momentum,5,Random Forest,-0.007922300314887942,0.08448933187952923,-0.18112101107695525,0.45839349507882254,-0.09241163219441717,-0.6395145061557778,False,False
MSFT,momentum,5,XGBoost,0.013021118092636286,0.08448933187952923,0.16106664123813633,0.45839349507882254,-0.07146821378689294,-0.29732685384068624,False,False
MSFT,momentum,10,Logistic Regression,0.0,0.08448933187952923,0.0,0.45839349507882254,-0.08448933187952923,-0.45839349507882254,False,False
MSFT,momentum,10,Decision Tree,0.0,0.08448933187952923,0.0,0.45839349507882254,-0.08448933187952923,-0.45839349507882254,False,False
MSFT,momentum,10,Random Forest,0.01580247630914977,0.08448933187952923,0.19512046130361788,0.45839349507882254,-0.06868685557037946,-0.26327303377520467,False,False
MSFT,momentum,10,XGBoost,0.12028418506692673,0.08448933187952923,1.1101170275810965,0.45839349507882254,0.0357948531873975,0.651723532502274,True,True
AAPL,momentum,5,Logistic Regression,0.0,0.10396210203387968,0.0,0.4690937250786783,-0.10396210203387968,-0.4690937250786783,False,False
AAPL,momentum,5,Decision Tree,0.0,0.10396210203387968,0.0,0.4690937250786783,-0.10396210203387968,-0.4690937250786783,False,False
AAPL,momentum,5,Random Forest,0.0,0.10396210203387968,0.0,0.4690937250786783,-0.10396210203387968,-0.4690937250786783,False,False
AAPL,momentum,5,XGBoost,0.0981031035301092,0.10396210203387968,0.5679590509441778,0.4690937250786783,-0.005858998503770474,0.09886532586549945,False,True
AAPL,momentum,10,Logistic Regression,0.0,0.10396210203387968,0.0,0.4690937250786783,-0.10396210203387968,-0.4690937250786783,False,False
AAPL,momentum,10,Decision Tree,-0.04931836293228409,0.10396210203387968,-0.12927302712601996,0.4690937250786783,-0.15328046496616377,-0.5983667522046983,False,False
AAPL,momentum,10,Random Forest,0.16015359964409503,0.10396210203387968,0.901372427283287,0.4690937250786783,0.05619149761021536,0.43227870220460873,True,True
AAPL,momentum,10,XGBoost,0.2650533781447866,0.10396210203387968,1.3148071727064385,0.4690937250786783,0.1610912761109069,0.8457134476277602,True,True
V,momentum,5,Logistic Regression,0.0546624573878145,0.11869303523354935,0.565915724807689,0.6168689399654973,-0.06403057784573485,-0.05095321515780826,False,False
V,momentum,5,Decision Tree,0.11979469300793855,0.11869303523354935,0.6211671123496695,0.6168689399654973,0.0011016577743891975,0.004298172384172183,True,True
V,momentum,5,Random Forest,0.0036106176629928655,0.11869303523354935,0.08457860016970317,0.6168689399654973,-0.11508241757055648,-0.5322903397957941,False,False
V,momentum,5,XGBoost,0.1349351298519481,0.11869303523354935,0.9426029203092693,0.6168689399654973,0.01624209461839876,0.325733980343772,True,True
V,momentum,10,Logistic Regression,0.12992160468301162,0.11869303523354935,0.9899849319063975,0.6168689399654973,0.011228569449462267,0.37311599194090017,True,True
V,momentum,10,Decision Tree,0.0642939828767124,0.11869303523354935,0.9597484235844221,0.6168689399654973,-0.05439905235683695,0.34287948361892484,False,True
V,momentum,10,Random Forest,0.034528317635076355,0.11869303523354935,0.41438619224065354,0.6168689399654973,-0.084164717598473,-0.20248274772484376,False,False
V,momentum,10,XGBoost,0.03138699051930782,0.11869303523354935,0.37597463669838777,0.6168689399654973,-0.08730604471424153,-0.24089430326710953,False,False
MA,momentum,5,Logistic Regression,0.0,0.09347734614145109,0.0,0.5128032786689823,-0.09347734614145109,-0.5128032786689823,False,False
MA,momentum,5,Decision Tree,-0.016697619679407416,0.09347734614145109,-0.14032156987774108,0.5128032786689823,-0.1101749658208585,-0.6531248485467234,False,False
MA,momentum,5,Random Forest,0.18670819480085443,0.09347734614145109,1.472407963066025,0.5128032786689823,0.09323084865940334,0.9596046843970426,True,True
MA,momentum,5,XGBoost,0.07480585281629537,0.09347734614145109,1.4461426641390003,0.5128032786689823,-0.01867149332515572,0.9333393854700179,False,True
MA,momentum,10,Logistic Regression,0.0,0.09347734614145109,0.0,0.5128032786689823,-0.09347734614145109,-0.5128032786689823,False,False
MA,momentum,10,Decision Tree,-0.05231154863425702,0.09347734614145109,-0.751369499029749,0.5128032786689823,-0.1457888947757081,-1.2641727776987315,False,False
MA,momentum,10,Random Forest,0.06665260935575534,0.09347734614145109,0.46468816504106336,0.5128032786689823,-0.026824736785695746,-0.04811511362791898,False,False
MA,momentum,10,XGBoost,0.08103396508825567,0.09347734614145109,0.7550500913675858,0.5128032786689823,-0.012443381053195424,0.2422468126986035,False,True
COST,momentum,5,Logistic Regression,-0.03389276087473936,-0.10888894304070595,-0.07228399575815153,-0.4301859457024402,0.0749961821659666,0.35790194994428864,True,True
COST,momentum,5,Decision Tree,0.013480430143994138,-0.10888894304070595,0.16514192722011514,-0.4301859457024402,0.12236937318470009,0.5953278729225553,True,True
COST,momentum,5,Random Forest,-0.026909468886930688,-0.10888894304070595,-0.07062264952784422,-0.4301859457024402,0.08197947415377527,0.3595632961745959,True,True
COST,momentum,5,XGBoost,-0.11088659334058493,-0.10888894304070595,-0.5271327432714872,-0.4301859457024402,-0.0019976502998789725,-0.096946797569047,False,False
COST,momentum,10,Logistic Regression,-0.09026032523334249,-0.10888894304070595,-0.6444595610128956,-0.4301859457024402,0.018628617807363468,-0.2142736153104554,True,False
COST,momentum,10,Decision Tree,-0.07677794600965182,-0.10888894304070595,-0.3599210779511358,-0.4301859457024402,0.032110997031054134,0.07026486775130436,True,True
COST,momentum,10,Random Forest,0.06249182684797305,-0.10888894304070595,0.8532367826190235,-0.4301859457024402,0.171380769888679,1.2834227283214636,True,True
COST,momentum,10,XGBoost,-0.14657363257771405,-0.10888894304070595,-1.2649823905364928,-0.4301859457024402,-0.0376846895370081,-0.8347964448340526,False,False
JNJ,defensive,5,Logistic Regression,0.21209349498814056,0.47809384993796633,1.2149045920017623,2.140239299361269,-0.26600035494982577,-0.9253347073595066,False,False
JNJ,defensive,5,Decision Tree,0.3447439013985458,0.47809384993796633,1.7549705420592654,2.140239299361269,-0.1333499485394205,-0.3852687573020035,False,False
JNJ,defensive,5,Random Forest,0.20870939634436692,0.47809384993796633,1.3944189653998147,2.140239299361269,-0.2693844535935994,-0.7458203339614542,False,False
JNJ,defensive,5,XGBoost,0.3373938546186557,0.47809384993796633,2.0474870950736133,2.140239299361269,-0.14069999531931066,-0.09275220428765563,False,False
JNJ,defensive,10,Logistic Regression,0.22399367907934842,0.47809384993796633,1.256771957760444,2.140239299361269,-0.2541001708586179,-0.883467341600825,False,False
JNJ,defensive,10,Decision Tree,0.10947633540495727,0.47809384993796633,1.033996644094031,2.140239299361269,-0.36861751453300906,-1.106242655267238,False,False
JNJ,defensive,10,Random Forest,0.18050361665000825,0.47809384993796633,1.264681834828055,2.140239299361269,-0.2975902332879581,-0.8755574645332138,False,False
JNJ,defensive,10,XGBoost,0.1848954672805625,0.47809384993796633,1.2647563158248896,2.140239299361269,-0.29319838265740383,-0.8754829835363793,False,False
PG,defensive,5,Logistic Regression,-0.14164892358646763,-0.1425067166002396,-0.7258572166481155,-0.7312481099137398,0.0008577930137719791,0.0053908932656242525,True,True
PG,defensive,5,Decision Tree,0.0048464976345337085,-0.1425067166002396,0.17354055715976008,-0.7312481099137398,0.14735321423477332,0.9047886670734999,True,True
PG,defensive,5,Random Forest,-0.02785792535881737,-0.1425067166002396,-0.3512521272315247,-0.7312481099137398,0.11464879124142224,0.37999598268221507,True,True
PG,defensive,5,XGBoost,0.233093412745639,-0.1425067166002396,1.6804985559624568,-0.7312481099137398,0.3756001293458786,2.411746665876197,True,True
PG,defensive,10,Logistic Regression,-0.14164892358646763,-0.1425067166002396,-0.7258572166481155,-0.7312481099137398,0.0008577930137719791,0.0053908932656242525,True,True
PG,defensive,10,Decision Tree,0.02474323986344995,-0.1425067166002396,0.3693408123327627,-0.7312481099137398,0.16724995646368956,1.1005889222465024,True,True
PG,defensive,10,Random Forest,0.041538826284316155,-0.1425067166002396,0.5400808979190997,-0.7312481099137398,0.18404554288455577,1.2713290078328394,True,True
PG,defensive,10,XGBoost,-0.0007239231362635712,-0.1425067166002396,0.0781060547759761,-0.7312481099137398,0.14178279346397604,0.8093541646897159,True,True
KO,defensive,5,Logistic Regression,0.15499059909264568,0.12806007045890944,1.7153697131617056,0.7798236404105608,0.02693052863373624,0.9355460727511448,True,True
KO,defensive,5,Decision Tree,0.10952287705419539,0.12806007045890944,2.0319427378059824,0.7798236404105608,-0.018537193404714047,1.2521190973954215,False,True
KO,defensive,5,Random Forest,0.0,0.12806007045890944,0.0,0.7798236404105608,-0.12806007045890944,-0.7798236404105608,False,False
KO,defensive,5,XGBoost,0.07302220806178927,0.12806007045890944,1.6915857630357656,0.7798236404105608,-0.05503786239712016,0.9117621226252047,False,True
KO,defensive,10,Logistic Regression,0.13838839052139407,0.12806007045890944,1.4579559521309953,0.7798236404105608,0.01032832006248463,0.6781323117204344,True,True
KO,defensive,10,Decision Tree,0.029889208909184894,0.12806007045890944,0.44595079530830634,0.7798236404105608,-0.09817086154972454,-0.3338728451022545,False,False
KO,defensive,10,Random Forest,0.0,0.12806007045890944,0.0,0.7798236404105608,-0.12806007045890944,-0.7798236404105608,False,False
KO,defensive,10,XGBoost,0.0,0.12806007045890944,0.0,0.7798236404105608,-0.12806007045890944,-0.7798236404105608,False,False
PEP,defensive,5,Logistic Regression,0.015325885680469664,-0.02178446619532537,0.18036727246641931,0.015501532236695353,0.037110351875795033,0.16486574022972397,True,True
PEP,defensive,5,Decision Tree,0.0028327334424600448,-0.02178446619532537,0.12053169137365383,0.015501532236695353,0.024617199637785414,0.10503015913695847,True,True
PEP,defensive,5,Random Forest,0.037379939168199705,-0.02178446619532537,0.2779460782252288,0.015501532236695353,0.059164405363525074,0.26244454598853345,True,True
PEP,defensive,5,XGBoost,0.024773437480034577,-0.02178446619532537,0.22262519179813783,0.015501532236695353,0.046557903675359946,0.2071236595614425,True,True
PEP,defensive,10,Logistic Regression,-0.020786116687172562,-0.02178446619532537,0.019964287805959737,0.015501532236695353,0.000998349508152807,0.0044627555692643844,True,True
PEP,defensive,10,Decision Tree,-0.06773535394180308,-0.02178446619532537,-0.25203722782494686,0.015501532236695353,-0.04595088774647771,-0.26753876006164223,False,False
PEP,defensive,10,Random Forest,-0.020786116687172562,-0.02178446619532537,0.019964287805959737,0.015501532236695353,0.000998349508152807,0.0044627555692643844,True,True
PEP,defensive,10,XGBoost,-0.05567377762077175,-0.02178446619532537,-0.14351348936824782,0.015501532236695353,-0.03388931142544638,-0.15901502160494316,False,False
WMT,defensive,5,Logistic Regression,0.2775475429792138,0.2471728747809736,1.163884838605957,1.0133879624683033,0.030374668198240196,0.15049687613765372,True,True
WMT,defensive,5,Decision Tree,0.0051882061627066545,0.2471728747809736,0.10316287925916888,1.0133879624683033,-0.24198466861826695,-0.9102250832091344,False,False
WMT,defensive,5,Random Forest,0.28083830110874697,0.2471728747809736,1.431962013851728,1.0133879624683033,0.03366542632777336,0.41857405138342463,True,True
WMT,defensive,5,XGBoost,0.026763193479333536,0.2471728747809736,0.38065928110600533,1.0133879624683033,-0.22040968130164007,-0.632728681362298,False,False
WMT,defensive,10,Logistic Regression,0.3724153216303505,0.2471728747809736,1.6115460400651496,1.0133879624683033,0.1252424468493769,0.5981580775968462,True,True
WMT,defensive,10,Decision Tree,0.0,0.2471728747809736,0.0,1.0133879624683033,-0.2471728747809736,-1.0133879624683033,False,False
WMT,defensive,10,Random Forest,0.22821677148902264,0.2471728747809736,1.2845020528643107,1.0133879624683033,-0.018956103291950965,0.2711140903960074,False,True
WMT,defensive,10,XGBoost,0.13163353670439593,0.2471728747809736,1.3838094052657732,1.0133879624683033,-0.11553933807657768,0.3704214427974699,False,True
GME,volatility,5,Logistic Regression,0.2020777464561283,-0.2270314264146377,0.6458529328797353,-0.17080496952193144,0.429109172870766,0.8166579024016668,True,True
GME,volatility,5,Decision Tree,-0.19629594396335337,-0.2270314264146377,-0.3345162638972407,-0.17080496952193144,0.030735482451284324,-0.16371129437530926,True,False
GME,volatility,5,Random Forest,-0.1677370489942237,-0.2270314264146377,-0.49070257057708677,-0.17080496952193144,0.05929437742041399,-0.3198976010551553,True,False
GME,volatility,5,XGBoost,0.0017932833182603414,-0.2270314264146377,0.1806237297374898,-0.17080496952193144,0.22882470973289804,0.3514286992594212,True,True
GME,volatility,10,Logistic Regression,0.23852643628353465,-0.2270314264146377,0.7118820587199224,-0.17080496952193144,0.46555786269817234,0.8826870282418539,True,True
GME,volatility,10,Decision Tree,-0.1474237908117738,-0.2270314264146377,-0.4608939972778678,-0.17080496952193144,0.07960763560286388,-0.29008902775593637,True,False
GME,volatility,10,Random Forest,0.0743531093278249,-0.2270314264146377,0.4089750704967853,-0.17080496952193144,0.3013845357424626,0.5797800400187167,True,True
GME,volatility,10,XGBoost,-0.11692025726865374,-0.2270314264146377,-0.31246568222251564,-0.17080496952193144,0.11011116914598396,-0.1416607127005842,True,False
AMC,volatility,5,Logistic Regression,0.0,-0.514061909505267,0.0,-1.0776356106627833,0.514061909505267,1.0776356106627833,True,True
AMC,volatility,5,Decision Tree,-0.16618665225948948,-0.514061909505267,-0.5311831829935156,-1.0776356106627833,0.3478752572457775,0.5464524276692677,True,True
AMC,volatility,5,Random Forest,-0.17332331988593563,-0.514061909505267,-0.6450469323838065,-1.0776356106627833,0.34073858961933134,0.43258867827897685,True,True
AMC,volatility,5,XGBoost,-0.2890490714214622,-0.514061909505267,-2.6009336689557268,-1.0776356106627833,0.2250128380838048,-1.5232980582929434,True,False
AMC,volatility,10,Logistic Regression,0.0,-0.514061909505267,0.0,-1.0776356106627833,0.514061909505267,1.0776356106627833,True,True
AMC,volatility,10,Decision Tree,0.0,-0.514061909505267,0.0,-1.0776356106627833,0.514061909505267,1.0776356106627833,True,True
AMC,volatility,10,Random Forest,0.0,-0.514061909505267,0.0,-1.0776356106627833,0.514061909505267,1.0776356106627833,True,True
AMC,volatility,10,XGBoost,0.10059782624652658,-0.514061909505267,1.3109450627059507,-1.0776356106627833,0.6146597357517936,2.3885806733687343,True,True
COIN,volatility,5,Logistic Regression,0.28950111263872835,-0.020294489459701914,0.9710224084007453,0.3318937559988228,0.30979560209843027,0.6391286524019224,True,True
COIN,volatility,5,Decision Tree,0.4161262079771011,-0.020294489459701914,1.157791613331838,0.3318937559988228,0.436420697436803,0.8258978573330151,True,True
COIN,volatility,5,Random Forest,-0.0074326189805871135,-0.020294489459701914,-0.04826733855947619,0.3318937559988228,0.0128618704791148,-0.380161094558299,True,False
COIN,volatility,5,XGBoost,0.2572259460746047,-0.020294489459701914,1.4841388208352506,0.3318937559988228,0.2775204355343066,1.1522450648364277,True,True
COIN,volatility,10,Logistic Regression,0.5103767421713705,-0.020294489459701914,1.511343214940168,0.3318937559988228,0.5306712316310724,1.1794494589413451,True,True
COIN,volatility,10,Decision Tree,0.27380824279522376,-0.020294489459701914,0.7318912622577439,0.3318937559988228,0.29410273225492567,0.3999975062589211,True,True
COIN,volatility,10,Random Forest,0.43717901515941704,-0.020294489459701914,1.348255659851363,0.3318937559988228,0.45747350461911895,1.0163619038525402,True,True
COIN,volatility,10,XGBoost,0.575798165472684,-0.020294489459701914,1.5617846962505582,0.3318937559988228,0.596092654932386,1.2298909402517353,True,True
MSTR,volatility,5,Logistic Regression,-0.0429210506349329,-0.5369339559125952,-0.3172482589885874,-0.6221408696435571,0.4940129052776623,0.3048926106549697,True,True
MSTR,volatility,5,Decision Tree,-0.30907007049125623,-0.5369339559125952,-0.44058827935077777,-0.6221408696435571,0.22786388542133895,0.18155259029277931,True,True
MSTR,volatility,5,Random Forest,0.0,-0.5369339559125952,0.0,-0.6221408696435571,0.5369339559125952,0.6221408696435571,True,True
MSTR,volatility,5,XGBoost,0.5588411246286731,-0.5369339559125952,1.195794944586687,-0.6221408696435571,1.0957750805412683,1.817935814230244,True,True
MSTR,volatility,10,Logistic Regression,0.0,-0.5369339559125952,0.0,-0.6221408696435571,0.5369339559125952,0.6221408696435571,True,True
MSTR,volatility,10,Decision Tree,0.0,-0.5369339559125952,0.0,-0.6221408696435571,0.5369339559125952,0.6221408696435571,True,True
MSTR,volatility,10,Random Forest,0.0,-0.5369339559125952,0.0,-0.6221408696435571,0.5369339559125952,0.6221408696435571,True,True
MSTR,volatility,10,XGBoost,0.6382445191684101,-0.5369339559125952,1.664135303992153,-0.6221408696435571,1.1751784750810053,2.2862761736357102,True,True
PLTR,volatility,5,Logistic Regression,0.0,1.5601093165730098,0.0,1.7518788406558994,-1.5601093165730098,-1.7518788406558994,False,False
PLTR,volatility,5,Decision Tree,0.16284689143301545,1.5601093165730098,0.7193160535186829,1.7518788406558994,-1.3972624251399943,-1.0325627871372165,False,False
PLTR,volatility,5,Random Forest,0.14479855301014677,1.5601093165730098,1.1223282881645518,1.7518788406558994,-1.415310763562863,-0.6295505524913476,False,False
PLTR,volatility,5,XGBoost,0.46491956664183065,1.5601093165730098,1.6123162377073537,1.7518788406558994,-1.0951897499311791,-0.13956260294854572,False,False
PLTR,volatility,10,Logistic Regression,0.0,1.5601093165730098,0.0,1.7518788406558994,-1.5601093165730098,-1.7518788406558994,False,False
PLTR,volatility,10,Decision Tree,-0.04664482088611088,1.5601093165730098,-0.23997611411492759,1.7518788406558994,-1.6067541374591205,-1.9918549547708269,False,False
PLTR,volatility,10,Random Forest,0.0,1.5601093165730098,0.0,1.7518788406558994,-1.5601093165730098,-1.7518788406558994,False,False
PLTR,volatility,10,XGBoost,0.08182712166199635,1.5601093165730098,0.5313902286860105,1.7518788406558994,-1.4782821949110134,-1.220488611969889,False,False
